name	traceId	time	duration
reductionTest.reduceBlock	KHdNyEdG	1422467610099880	119216
reductionTest.reduceBlock	KHdNyEdG	1422467610100773	118369
reductionTest.reduceBlock	KHdNyEdG	1422467610101120	116926
reductionTest.reduceBlock	KHdNyEdG	1422467610101462	116964
reductionTest.reduceBlock	KHdNyEdG	1422467610101804	115766
reductionTest.reduceBlock	KHdNyEdG	1422467610102144	117792
reductionTest.reduceBlock	KHdNyEdG	1422467610102485	116112
reductionTest.reduceBlock	KHdNyEdG	1422467610102825	116052
reductionTest.reduceBlock	KHdNyEdG	1422467610103164	117963
reductionTest.reduceBlock	KHdNyEdG	1422467610103503	132162
reductionTest.reduceBlock	KHdNyEdG	1422467610103859	116666
reductionTest.reduceBlock	KHdNyEdG	1422467610104199	115712
reductionTest.reduceBlock	KHdNyEdG	1422467610104554	117913
reductionTest.reduceBlock	KHdNyEdG	1422467610104896	129225
reductionTest.reduceBlock	KHdNyEdG	1422467610105250	130352
reductionTest.reduceBlock	KHdNyEdG	1422467610105604	116700
reductionTest.reduceBlock	KHdNyEdG	1422467610105945	116091
reductionTest.reduceBlock	KHdNyEdG	1422467610106283	117142
reductionTest.reduceBlock	KHdNyEdG	1422467610106623	116131
reductionTest.reduceBlock	KHdNyEdG	1422467610106961	116501
reductionTest.reduceBlock	KHdNyEdG	1422467610107302	132685
reductionTest.reduceBlock	KHdNyEdG	1422467610107659	116111
reductionTest.reduceBlock	KHdNyEdG	1422467610107999	117523
reductionTest.reduceBlock	KHdNyEdG	1422467610108341	122541
reductionTest.reduceBlock	KHdNyEdG	1422467610108686	116963
reductionTest.reduceBlock	KHdNyEdG	1422467610109027	116081
reductionTest.reduceBlock	KHdNyEdG	1422467610109367	131218
reductionTest.reduceBlock	KHdNyEdG	1422467610109725	116845
reductionTest.reduceBlock	KHdNyEdG	1422467610110065	116113
reductionTest.reduceBlock	KHdNyEdG	1422467610110403	131189
reductionTest.reduceBlock	KHdNyEdG	1422467610110757	130071
reductionTest.reduceBlock	KHdNyEdG	1422467610111130	116848
reductionTest.reduceBlock	KHdNyEdG	1422467610111468	129326
reductionTest.reduceBlock	KHdNyEdG	1422467610111821	128573
reductionTest.reduceBlock	KHdNyEdG	1422467610112185	118845
reductionTest.reduceBlock	KHdNyEdG	1422467610112543	130072
reductionTest.reduceBlock	KHdNyEdG	1422467610112898	116553
reductionTest.reduceBlock	KHdNyEdG	1422467610113238	116968
reductionTest.reduceBlock	KHdNyEdG	1422467610113579	116281
reductionTest.reduceBlock	KHdNyEdG	1422467610113916	129817
reductionTest.reduceBlock	KHdNyEdG	1422467610114272	117140
reductionTest.reduceBlock	KHdNyEdG	1422467610114611	117397
reductionTest.reduceBlock	KHdNyEdG	1422467610114952	116443
reductionTest.reduceBlock	KHdNyEdG	1422467610115291	117753
reductionTest.reduceBlock	KHdNyEdG	1422467610115645	117289
reductionTest.reduceBlock	KHdNyEdG	1422467610115987	116747
reductionTest.reduceBlock	KHdNyEdG	1422467610116326	123237
reductionTest.reduceBlock	KHdNyEdG	1422467610116682	123626
reductionTest.reduceBlock	KHdNyEdG	1422467610117028	116989
reductionTest.reduceBlock	KHdNyEdG	1422467610117368	129892
reductionTest.reduceBlock	KHdNyEdG	1422467610117722	116933
reductionTest.reduceBlock	KHdNyEdG	1422467610118079	116992
reductionTest.reduceBlock	KHdNyEdG	1422467610118437	128272
reductionTest.reduceBlock	KHdNyEdG	1422467610118787	116963
reductionTest.reduceBlock	KHdNyEdG	1422467610119151	116387
reductionTest.reduceBlock	KHdNyEdG	1422467610119490	130113
reductionTest.reduceBlock	KHdNyEdG	1422467610119842	158684
reductionTest.reduceBlock	KHdNyEdG	1422467610120224	117019
reductionTest.reduceBlock	KHdNyEdG	1422467610120570	131120
reductionTest.reduceBlock	KHdNyEdG	1422467610120932	117004
reductionTest.reduceBlock	KHdNyEdG	1422467610121288	117981
reductionTest.reduceBlock	KHdNyEdG	1422467610121629	116467
reductionTest.reduceBlock	KHdNyEdG	1422467610121977	117163
reductionTest.reduceBlock	KHdNyEdG	1422467610122316	117339
reductionTest.reduceBlock	KHdNyEdG	1422467610122657	115992
reductionTest.reduceBlock	KHdNyEdG	1422467610122995	116293
reductionTest.reduceBlock	KHdNyEdG	1422467610123344	138969
reductionTest.reduceBlock	KHdNyEdG	1422467610123706	165627
reductionTest.reduceBlock	KHdNyEdG	1422467610124097	116263
reductionTest.reduceBlock	KHdNyEdG	1422467610124472	130544
reductionTest.reduceBlock	KHdNyEdG	1422467610124828	115900
reductionTest.reduceBlock	KHdNyEdG	1422467610125181	116813
reductionTest.reduceBlock	KHdNyEdG	1422467610125521	116392
reductionTest.reduceBlock	KHdNyEdG	1422467610125861	117191
reductionTest.reduceBlock	KHdNyEdG	1422467610126202	116411
reductionTest.reduceBlock	KHdNyEdG	1422467610126541	128886
reductionTest.reduceBlock	KHdNyEdG	1422467610126892	116632
reductionTest.reduceBlock	KHdNyEdG	1422467610127253	118152
reductionTest.reduceBlock	KHdNyEdG	1422467610127610	129874
reductionTest.reduceBlock	KHdNyEdG	1422467610127972	117046
reductionTest.reduceBlock	KHdNyEdG	1422467610128312	122563
reductionTest.reduceBlock	KHdNyEdG	1422467610128666	141591
reductionTest.reduceBlock	KHdNyEdG	1422467610129030	115827
reductionTest.reduceBlock	KHdNyEdG	1422467610129365	116859
reductionTest.reduceBlock	KHdNyEdG	1422467610129703	116349
reductionTest.reduceBlock	KHdNyEdG	1422467610130039	116843
reductionTest.reduceBlock	KHdNyEdG	1422467610130377	116602
reductionTest.reduceBlock	KHdNyEdG	1422467610130713	115418
reductionTest.reduceBlock	KHdNyEdG	1422467610131049	116781
reductionTest.reduceBlock	KHdNyEdG	1422467610131387	116293
reductionTest.reduceBlock	KHdNyEdG	1422467610131724	116706
reductionTest.reduceBlock	KHdNyEdG	1422467610132061	115377
reductionTest.reduceBlock	KHdNyEdG	1422467610132398	134998
reductionTest.reduceBlock	KHdNyEdG	1422467610132755	116549
reductionTest.reduceBlock	KHdNyEdG	1422467610133094	115804
reductionTest.reduceBlock	KHdNyEdG	1422467610133442	116797
reductionTest.reduceBlock	KHdNyEdG	1422467610133779	115060
reductionTest.reduceBlock	KHdNyEdG	1422467610134128	130658
reductionTest.reduceBlock	KHdNyEdG	1422467610134479	116563
reductionTest.reduceBlock	KHdNyEdG	1422467610134818	128962
reductionTest.reduceBlock	KHdNyEdG	1422467610135169	115926
reductionTest.reduceBlock	KHdNyEdG	1422467610135504	115431
reductionTest.reduceBlock	KHdNyEdG	1422467610135839	116359
reductionTest.reduceBlock	KHdNyEdG	1422467610136177	115832
reductionTest.reduceBlock	KHdNyEdG	1422467610136527	116541
reductionTest.reduceBlock	KHdNyEdG	1422467610136864	115498
reductionTest.reduceBlock	KHdNyEdG	1422467610137201	116044
reductionTest.reduceBlock	KHdNyEdG	1422467610137537	132808
reductionTest.reduceBlock	KHdNyEdG	1422467610137891	139993
reductionTest.reduceBlock	KHdNyEdG	1422467610138253	116464
reductionTest.reduceBlock	KHdNyEdG	1422467610138605	115938
reductionTest.reduceBlock	KHdNyEdG	1422467610138942	118137
reductionTest.reduceBlock	KHdNyEdG	1422467610139282	130467
reductionTest.reduceBlock	KHdNyEdG	1422467610139650	128848
reductionTest.reduceBlock	KHdNyEdG	1422467610140002	116608
reductionTest.reduceBlock	KHdNyEdG	1422467610140338	121547
reductionTest.reduceBlock	KHdNyEdG	1422467610140705	116780
reductionTest.reduceBlock	KHdNyEdG	1422467610141042	116121
reductionTest.reduceBlock	KHdNyEdG	1422467610141394	116072
reductionTest.reduceBlock	KHdNyEdG	1422467610141744	129444
reductionTest.reduceBlock	KHdNyEdG	1422467610142095	115908
reductionTest.reduceBlock	KHdNyEdG	1422467610142433	117004
reductionTest.reduceBlock	KHdNyEdG	1422467610142773	116835
reductionTest.reduceBlock	KHdNyEdG	1422467610143112	117306
reductionTest.reduceBlock	KHdNyEdG	1422467610143450	148024
reductionTest.reduceBlock	KHdNyEdG	1422467610143820	130187
reductionTest.reduceBlock	KHdNyEdG	1422467610144171	141087
reductionTest.reduceBlock	KHdNyEdG	1422467610144541	129045
reductionTest.reduceBlock	KHdNyEdG	1422467610144891	130638
reductionTest.reduceBlock	KHdNyEdG	1422467610145261	116964
reductionTest.reduceBlock	KHdNyEdG	1422467610145601	138567
reductionTest.reduceBlock	KHdNyEdG	1422467610145963	116833
reductionTest.reduceBlock	KHdNyEdG	1422467610146300	115450
reductionTest.reduceBlock	KHdNyEdG	1422467610146637	117889
reductionTest.reduceBlock	KHdNyEdG	1422467610146977	128532
reductionTest.reduceBlock	KHdNyEdG	1422467610147326	129911
reductionTest.reduceBlock	KHdNyEdG	1422467610147678	129852
reductionTest.reduceBlock	KHdNyEdG	1422467610148030	116907
reductionTest.reduceBlock	KHdNyEdG	1422467610148368	141588
reductionTest.reduceBlock	KHdNyEdG	1422467610148764	124560
reductionTest.reduceBlock	KHdNyEdG	1422467610149108	113319
reductionTest.reduceBlock	KHdNyEdG	1422467610149444	115136
reductionTest.reduceBlock	KHdNyEdG	1422467610149779	115543
reductionTest.reduceBlock	KHdNyEdG	1422467610150116	115724
reductionTest.reduceBlock	KHdNyEdG	1422467610150467	115969
reductionTest.reduceBlock	KHdNyEdG	1422467610150805	130284
reductionTest.reduceBlock	KHdNyEdG	1422467610151157	115368
reductionTest.reduceBlock	KHdNyEdG	1422467610151493	132559
reductionTest.reduceBlock	KHdNyEdG	1422467610151847	129477
reductionTest.reduceBlock	KHdNyEdG	1422467610152199	115557
reductionTest.reduceBlock	KHdNyEdG	1422467610152577	116389
reductionTest.reduceBlock	KHdNyEdG	1422467610152914	113522
reductionTest.reduceBlock	KHdNyEdG	1422467610153248	124672
reductionTest.reduceBlock	KHdNyEdG	1422467610153594	114494
reductionTest.reduceBlock	KHdNyEdG	1422467610153945	117146
reductionTest.reduceBlock	KHdNyEdG	1422467610154299	130583
reductionTest.reduceBlock	KHdNyEdG	1422467610154653	115345
reductionTest.reduceBlock	KHdNyEdG	1422467610155003	115880
reductionTest.reduceBlock	KHdNyEdG	1422467610155341	129257
reductionTest.reduceBlock	KHdNyEdG	1422467610155691	130635
reductionTest.reduceBlock	KHdNyEdG	1422467610156043	115325
reductionTest.reduceBlock	KHdNyEdG	1422467610156395	136470
reductionTest.reduceBlock	KHdNyEdG	1422467610156754	115571
reductionTest.reduceBlock	KHdNyEdG	1422467610157093	115716
reductionTest.reduceBlock	KHdNyEdG	1422467610157444	116649
reductionTest.reduceBlock	KHdNyEdG	1422467610157781	115050
reductionTest.reduceBlock	KHdNyEdG	1422467610158116	116938
reductionTest.reduceBlock	KHdNyEdG	1422467610158469	115172
reductionTest.reduceBlock	KHdNyEdG	1422467610158819	117283
reductionTest.reduceBlock	KHdNyEdG	1422467610159159	116001
reductionTest.reduceBlock	KHdNyEdG	1422467610159497	116410
reductionTest.reduceBlock	KHdNyEdG	1422467610159835	116141
reductionTest.reduceBlock	KHdNyEdG	1422467610160196	114593
reductionTest.reduceBlock	KHdNyEdG	1422467610160545	116720
reductionTest.reduceBlock	KHdNyEdG	1422467610160961	116331
reductionTest.reduceBlock	KHdNyEdG	1422467610161298	116250
reductionTest.reduceBlock	KHdNyEdG	1422467610161650	116311
reductionTest.reduceBlock	KHdNyEdG	1422467610161989	116548
reductionTest.reduceBlock	KHdNyEdG	1422467610162341	116281
reductionTest.reduceBlock	KHdNyEdG	1422467610162693	116641
reductionTest.reduceBlock	KHdNyEdG	1422467610163031	116946
reductionTest.reduceBlock	KHdNyEdG	1422467610163369	116286
reductionTest.reduceBlock	KHdNyEdG	1422467610163705	115199
reductionTest.reduceBlock	KHdNyEdG	1422467610164046	113731
reductionTest.reduceBlock	KHdNyEdG	1422467610164387	121742
reductionTest.reduceBlock	KHdNyEdG	1422467610164733	116650
reductionTest.reduceBlock	KHdNyEdG	1422467610165071	116221
reductionTest.reduceBlock	KHdNyEdG	1422467610165424	115847
reductionTest.reduceBlock	KHdNyEdG	1422467610165762	130557
reductionTest.reduceBlock	KHdNyEdG	1422467610166127	115852
reductionTest.reduceBlock	KHdNyEdG	1422467610166466	140075
reductionTest.reduceBlock	KHdNyEdG	1422467610166828	128631
reductionTest.reduceBlock	KHdNyEdG	1422467610167178	115865
reductionTest.reduceBlock	KHdNyEdG	1422467610167515	116757
reductionTest.reduceBlock	KHdNyEdG	1422467610167853	115158
reductionTest.reduceBlock	KHdNyEdG	1422467610168190	130122
reductionTest.reduceBlock	KHdNyEdG	1422467610168548	116518
reductionTest.reduceBlock	KHdNyEdG	1422467610168887	116405
reductionTest.reduceBlock	KHdNyEdG	1422467610169226	116210
reductionTest.reduceBlock	KHdNyEdG	1422467610169563	116389
reductionTest.reduceBlock	KHdNyEdG	1422467610169899	116682
reductionTest.reduceBlock	KHdNyEdG	1422467610170236	115318
reductionTest.reduceBlock	KHdNyEdG	1422467610170571	116167
reductionTest.reduceBlock	KHdNyEdG	1422467610170908	116339
reductionTest.reduceBlock	KHdNyEdG	1422467610171246	115187
reductionTest.reduceBlock	KHdNyEdG	1422467610171587	124196
reductionTest.reduceBlock	KHdNyEdG	1422467610171932	115087
reductionTest.reduceBlock	KHdNyEdG	1422467610172267	115734
reductionTest.reduceBlock	KHdNyEdG	1422467610172621	115806
reductionTest.reduceBlock	KHdNyEdG	1422467610172959	139235
reductionTest.reduceBlock	KHdNyEdG	1422467610173321	147226
reductionTest.reduceBlock	KHdNyEdG	1422467610173688	125303
reductionTest.reduceBlock	KHdNyEdG	1422467610174036	116954
reductionTest.reduceBlock	KHdNyEdG	1422467610174375	116200
reductionTest.reduceBlock	KHdNyEdG	1422467610174711	117212
reductionTest.reduceBlock	KHdNyEdG	1422467610175050	116215
reductionTest.reduceBlock	KHdNyEdG	1422467610175387	116220
reductionTest.reduceBlock	KHdNyEdG	1422467610175725	115954
reductionTest.reduceBlock	KHdNyEdG	1422467610176063	115402
reductionTest.reduceBlock	KHdNyEdG	1422467610176399	122245
reductionTest.reduceBlock	KHdNyEdG	1422467610176765	115422
reductionTest.reduceBlock	KHdNyEdG	1422467610177100	132668
reductionTest.reduceBlock	KHdNyEdG	1422467610177456	150339
reductionTest.reduceBlock	KHdNyEdG	1422467610177830	130513
reductionTest.reduceBlock	KHdNyEdG	1422467610178181	116667
reductionTest.reduceBlock	KHdNyEdG	1422467610178519	127802
reductionTest.reduceBlock	KHdNyEdG	1422467610178869	116478
reductionTest.reduceBlock	KHdNyEdG	1422467610179207	115925
reductionTest.reduceBlock	KHdNyEdG	1422467610179544	128604
reductionTest.reduceBlock	KHdNyEdG	1422467610179895	128677
reductionTest.reduceBlock	KHdNyEdG	1422467610180245	129246
reductionTest.reduceBlock	KHdNyEdG	1422467610180602	116985
reductionTest.reduceBlock	KHdNyEdG	1422467610180953	115872
reductionTest.reduceBlock	KHdNyEdG	1422467610181291	116229
reductionTest.reduceBlock	KHdNyEdG	1422467610181628	115891
reductionTest.reduceBlock	KHdNyEdG	1422467610181965	129794
reductionTest.reduceBlock	KHdNyEdG	1422467610182316	129462
reductionTest.reduceBlock	KHdNyEdG	1422467610182667	128873
reductionTest.reduceBlock	KHdNyEdG	1422467610183016	116560
reductionTest.reduceBlock	KHdNyEdG	1422467610183354	115363
reductionTest.reduceBlock	KHdNyEdG	1422467610183690	116245
reductionTest.reduceBlock	KHdNyEdG	1422467610184041	116101
reductionTest.reduceBlock	KHdNyEdG	1422467610184378	127666
reductionTest.reduceBlock	KHdNyEdG	1422467610184744	116845
reductionTest.reduceBlock	KHdNyEdG	1422467610185082	116177
reductionTest.reduceBlock	KHdNyEdG	1422467610185420	116554
reductionTest.reduceBlock	KHdNyEdG	1422467610185759	116245
reductionTest.reduceBlock	KHdNyEdG	1422467610186096	141133
reductionTest.reduceBlock	KHdNyEdG	1422467610186458	116067
reductionTest.reduceBlock	KHdNyEdG	1422467610186793	114988
reductionTest.reduceBlock	KHdNyEdG	1422467610187129	116370
reductionTest.reduceBlock	KHdNyEdG	1422467610187467	115233
reductionTest.reduceBlock	KHdNyEdG	1422467610187804	116637
reductionTest.reduceBlock	KHdNyEdG	1422467610188141	115812
reductionTest.reduceBlock	KHdNyEdG	1422467610188484	129782
reductionTest.reduceBlock	KHdNyEdG	1422467610188837	130075
reductionTest.reduceBlock	KHdNyEdG	1422467610189190	128347
reductionTest.reduceBlock	KHdNyEdG	1422467610189555	117724
reductionTest.reduceBlock	KHdNyEdG	1422467610189895	116487
reductionTest.reduceBlock	KHdNyEdG	1422467610190233	116314
reductionTest.reduceBlock	KHdNyEdG	1422467610190571	129387
reductionTest.reduceBlock	KHdNyEdG	1422467610190921	116106
reductionTest.reduceBlock	KHdNyEdG	1422467610191257	116743
reductionTest.reduceBlock	KHdNyEdG	1422467610191595	115611
reductionTest.reduceBlock	KHdNyEdG	1422467610191931	129795
reductionTest.reduceBlock	KHdNyEdG	1422467610192298	116066
reductionTest.reduceBlock	KHdNyEdG	1422467610192642	115732
reductionTest.reduceBlock	KHdNyEdG	1422467610193012	116694
reductionTest.reduceBlock	KHdNyEdG	1422467610193364	115299
reductionTest.reduceBlock	KHdNyEdG	1422467610193701	117032
reductionTest.reduceBlock	KHdNyEdG	1422467610194040	116031
reductionTest.reduceBlock	KHdNyEdG	1422467610194390	116700
reductionTest.reduceBlock	KHdNyEdG	1422467610194739	116543
reductionTest.reduceBlock	KHdNyEdG	1422467610195076	115941
reductionTest.reduceBlock	KHdNyEdG	1422467610195426	117047
reductionTest.reduceBlock	KHdNyEdG	1422467610195776	130003
reductionTest.reduceBlock	KHdNyEdG	1422467610196129	116556
reductionTest.reduceBlock	KHdNyEdG	1422467610196494	115894
reductionTest.reduceBlock	KHdNyEdG	1422467610196836	116775
reductionTest.reduceBlock	KHdNyEdG	1422467610197175	130593
reductionTest.reduceBlock	KHdNyEdG	1422467610197528	116416
reductionTest.reduceBlock	KHdNyEdG	1422467610197887	116783
reductionTest.reduceBlock	KHdNyEdG	1422467610198224	114872
reductionTest.reduceBlock	KHdNyEdG	1422467610198560	116316
reductionTest.reduceBlock	KHdNyEdG	1422467610198895	130848
reductionTest.reduceBlock	KHdNyEdG	1422467610199248	115974
reductionTest.reduceBlock	KHdNyEdG	1422467610199586	116580
reductionTest.reduceBlock	KHdNyEdG	1422467610199931	128573
reductionTest.reduceBlock	KHdNyEdG	1422467610200282	130994
reductionTest.reduceBlock	KHdNyEdG	1422467610200645	130064
reductionTest.reduceBlock	KHdNyEdG	1422467610200997	115444
reductionTest.reduceBlock	KHdNyEdG	1422467610201332	116263
reductionTest.reduceBlock	KHdNyEdG	1422467610201668	129333
reductionTest.reduceBlock	KHdNyEdG	1422467610202019	115673
reductionTest.reduceBlock	KHdNyEdG	1422467610202370	116397
reductionTest.reduceBlock	KHdNyEdG	1422467610202708	115431
reductionTest.reduceBlock	KHdNyEdG	1422467610203043	129745
reductionTest.reduceBlock	KHdNyEdG	1422467610203393	137017
reductionTest.reduceBlock	KHdNyEdG	1422467610203751	115573
reductionTest.reduceBlock	KHdNyEdG	1422467610204087	130366
reductionTest.reduceBlock	KHdNyEdG	1422467610204447	116038
reductionTest.reduceBlock	KHdNyEdG	1422467610204783	129441
reductionTest.reduceBlock	KHdNyEdG	1422467610205135	128484
reductionTest.reduceBlock	KHdNyEdG	1422467610205486	116674
reductionTest.reduceBlock	KHdNyEdG	1422467610205824	116392
reductionTest.reduceBlock	KHdNyEdG	1422467610206163	129620
reductionTest.reduceBlock	KHdNyEdG	1422467610206512	116723
reductionTest.reduceBlock	KHdNyEdG	1422467610206863	115572
reductionTest.reduceBlock	KHdNyEdG	1422467610207199	130542
reductionTest.reduceBlock	KHdNyEdG	1422467610207566	128594
reductionTest.reduceBlock	KHdNyEdG	1422467610207915	115535
reductionTest.reduceBlock	KHdNyEdG	1422467610208267	116717
reductionTest.reduceBlock	KHdNyEdG	1422467610208616	129864
reductionTest.reduceBlock	KHdNyEdG	1422467610208969	116294
reductionTest.reduceBlock	KHdNyEdG	1422467610209307	115604
reductionTest.reduceBlock	KHdNyEdG	1422467610209645	131557
reductionTest.reduceBlock	KHdNyEdG	1422467610209997	137448
reductionTest.reduceBlock	KHdNyEdG	1422467610210370	127824
reductionTest.reduceBlock	KHdNyEdG	1422467610210720	116807
reductionTest.reduceBlock	KHdNyEdG	1422467610211058	115605
reductionTest.reduceBlock	KHdNyEdG	1422467610211397	116244
reductionTest.reduceBlock	KHdNyEdG	1422467610211735	115932
reductionTest.reduceBlock	KHdNyEdG	1422467610212074	115581
reductionTest.reduceBlock	KHdNyEdG	1422467610212424	122939
reductionTest.reduceBlock	KHdNyEdG	1422467610212768	129911
reductionTest.reduceBlock	KHdNyEdG	1422467610213120	130308
reductionTest.reduceBlock	KHdNyEdG	1422467610213473	116027
reductionTest.reduceBlock	KHdNyEdG	1422467610213811	129483
reductionTest.reduceBlock	KHdNyEdG	1422467610214164	116383
reductionTest.reduceBlock	KHdNyEdG	1422467610214500	116453
reductionTest.reduceBlock	KHdNyEdG	1422467610214852	117669
reductionTest.reduceBlock	KHdNyEdG	1422467610215191	115431
reductionTest.reduceBlock	KHdNyEdG	1422467610215541	117060
reductionTest.reduceBlock	KHdNyEdG	1422467610215892	116129
reductionTest.reduceBlock	KHdNyEdG	1422467610216230	115951
reductionTest.reduceBlock	KHdNyEdG	1422467610216573	115925
reductionTest.reduceBlock	KHdNyEdG	1422467610216921	115957
reductionTest.reduceBlock	KHdNyEdG	1422467610217267	138875
reductionTest.reduceBlock	KHdNyEdG	1422467610217629	116240
reductionTest.reduceBlock	KHdNyEdG	1422467610217967	130555
reductionTest.reduceBlock	KHdNyEdG	1422467610218320	115400
reductionTest.reduceBlock	KHdNyEdG	1422467610218657	116003
reductionTest.reduceBlock	KHdNyEdG	1422467610218993	129071
reductionTest.reduceBlock	KHdNyEdG	1422467610219344	115547
reductionTest.reduceBlock	KHdNyEdG	1422467610219695	130078
reductionTest.reduceBlock	KHdNyEdG	1422467610220046	115713
reductionTest.reduceBlock	KHdNyEdG	1422467610220382	128226
reductionTest.reduceBlock	KHdNyEdG	1422467610220738	129668
reductionTest.reduceBlock	KHdNyEdG	1422467610221091	129132
reductionTest.reduceBlock	KHdNyEdG	1422467610221442	116117
reductionTest.reduceBlock	KHdNyEdG	1422467610221794	127546
reductionTest.reduceBlock	KHdNyEdG	1422467610222143	116424
reductionTest.reduceBlock	KHdNyEdG	1422467610222479	128562
reductionTest.reduceBlock	KHdNyEdG	1422467610222829	115703
reductionTest.reduceBlock	KHdNyEdG	1422467610223166	117577
reductionTest.reduceBlock	KHdNyEdG	1422467610223527	121649
reductionTest.reduceBlock	KHdNyEdG	1422467610223877	116008
reductionTest.reduceBlock	KHdNyEdG	1422467610224213	115760
reductionTest.reduceBlock	KHdNyEdG	1422467610224596	116844
reductionTest.reduceBlock	KHdNyEdG	1422467610224938	116165
reductionTest.reduceBlock	KHdNyEdG	1422467610225264	115715
reductionTest.reduceBlock	KHdNyEdG	1422467610225589	131188
reductionTest.reduceBlock	KHdNyEdG	1422467610225928	128492
reductionTest.reduceBlock	KHdNyEdG	1422467610226278	116818
reductionTest.reduceBlock	KHdNyEdG	1422467610226605	129473
reductionTest.reduceBlock	KHdNyEdG	1422467610226943	115937
reductionTest.reduceBlock	KHdNyEdG	1422467610227268	116437
reductionTest.reduceBlock	KHdNyEdG	1422467610227594	129971
reductionTest.reduceBlock	KHdNyEdG	1422467610227931	117009
reductionTest.reduceBlock	KHdNyEdG	1422467610228258	129758
reductionTest.reduceBlock	KHdNyEdG	1422467610228604	138266
reductionTest.reduceBlock	KHdNyEdG	1422467610228951	132913
reductionTest.reduceBlock	KHdNyEdG	1422467610229293	115991
reductionTest.reduceBlock	KHdNyEdG	1422467610229619	116897
reductionTest.reduceBlock	KHdNyEdG	1422467610229943	115061
reductionTest.reduceBlock	KHdNyEdG	1422467610230265	116548
reductionTest.reduceBlock	KHdNyEdG	1422467610230590	130639
reductionTest.reduceBlock	KHdNyEdG	1422467610230930	116201
reductionTest.reduceBlock	KHdNyEdG	1422467610231254	117763
reductionTest.reduceBlock	KHdNyEdG	1422467610231580	115914
reductionTest.reduceBlock	KHdNyEdG	1422467610231906	117101
reductionTest.reduceBlock	KHdNyEdG	1422467610232232	115479
reductionTest.reduceBlock	KHdNyEdG	1422467610232568	116451
reductionTest.reduceBlock	KHdNyEdG	1422467610232895	115046
reductionTest.reduceBlock	KHdNyEdG	1422467610233234	129001
reductionTest.reduceBlock	KHdNyEdG	1422467610233574	115488
reductionTest.reduceBlock	KHdNyEdG	1422467610233918	129821
reductionTest.reduceBlock	KHdNyEdG	1422467610234258	116698
reductionTest.reduceBlock	KHdNyEdG	1422467610234585	129056
reductionTest.reduceBlock	KHdNyEdG	1422467610234923	116439
reductionTest.reduceBlock	KHdNyEdG	1422467610235248	126426
reductionTest.reduceBlock	KHdNyEdG	1422467610235610	128732
reductionTest.reduceBlock	KHdNyEdG	1422467610235949	116360
reductionTest.reduceBlock	KHdNyEdG	1422467610236275	115762
reductionTest.reduceBlock	KHdNyEdG	1422467610236618	116456
reductionTest.reduceBlock	KHdNyEdG	1422467610236944	115580
reductionTest.reduceBlock	KHdNyEdG	1422467610237268	116781
reductionTest.reduceBlock	KHdNyEdG	1422467610237608	115849
reductionTest.reduceBlock	KHdNyEdG	1422467610237933	116898
reductionTest.reduceBlock	KHdNyEdG	1422467610238273	116275
reductionTest.reduceBlock	KHdNyEdG	1422467610238599	115195
reductionTest.reduceBlock	KHdNyEdG	1422467610238922	116276
reductionTest.reduceBlock	KHdNyEdG	1422467610239248	128904
reductionTest.reduceBlock	KHdNyEdG	1422467610239586	129031
reductionTest.reduceBlock	KHdNyEdG	1422467610239923	115579
reductionTest.reduceBlock	KHdNyEdG	1422467610240246	116274
reductionTest.reduceBlock	KHdNyEdG	1422467610240590	115740
reductionTest.reduceBlock	KHdNyEdG	1422467610240929	128377
reductionTest.reduceBlock	KHdNyEdG	1422467610241264	128504
reductionTest.reduceBlock	KHdNyEdG	1422467610241614	116227
reductionTest.reduceBlock	KHdNyEdG	1422467610241941	115892
reductionTest.reduceBlock	KHdNyEdG	1422467610242263	117736
reductionTest.reduceBlock	KHdNyEdG	1422467610242588	115004
reductionTest.reduceBlock	KHdNyEdG	1422467610242932	116472
reductionTest.reduceBlock	KHdNyEdG	1422467610243258	115683
reductionTest.reduceBlock	KHdNyEdG	1422467610243581	115746
reductionTest.reduceBlock	KHdNyEdG	1422467610243903	115451
reductionTest.reduceBlock	KHdNyEdG	1422467610244248	129531
reductionTest.reduceBlock	KHdNyEdG	1422467610244597	116343
reductionTest.reduceBlock	KHdNyEdG	1422467610244922	115967
reductionTest.reduceBlock	KHdNyEdG	1422467610245246	116660
reductionTest.reduceBlock	KHdNyEdG	1422467610245571	116191
reductionTest.reduceBlock	KHdNyEdG	1422467610245897	115191
reductionTest.reduceBlock	KHdNyEdG	1422467610246220	131249
reductionTest.reduceBlock	KHdNyEdG	1422467610246575	117174
reductionTest.reduceBlock	KHdNyEdG	1422467610246916	116216
reductionTest.reduceBlock	KHdNyEdG	1422467610247239	116227
reductionTest.reduceBlock	KHdNyEdG	1422467610247562	115032
reductionTest.reduceBlock	KHdNyEdG	1422467610247886	129691
reductionTest.reduceBlock	KHdNyEdG	1422467610248240	115452
reductionTest.reduceBlock	KHdNyEdG	1422467610248571	116164
reductionTest.reduceBlock	KHdNyEdG	1422467610248897	115642
reductionTest.reduceBlock	KHdNyEdG	1422467610249220	114747
reductionTest.reduceBlock	KHdNyEdG	1422467610249543	115929
reductionTest.reduceBlock	KHdNyEdG	1422467610249868	115306
reductionTest.reduceBlock	KHdNyEdG	1422467610250189	116109
reductionTest.reduceBlock	KHdNyEdG	1422467610250512	115212
reductionTest.reduceBlock	KHdNyEdG	1422467610250860	115443
reductionTest.reduceBlock	KHdNyEdG	1422467610251197	115304
reductionTest.reduceBlock	KHdNyEdG	1422467610251522	115312
reductionTest.reduceBlock	KHdNyEdG	1422467610251845	116078
reductionTest.reduceBlock	KHdNyEdG	1422467610252170	115396
reductionTest.reduceBlock	KHdNyEdG	1422467610252499	130822
reductionTest.reduceBlock	KHdNyEdG	1422467610252840	115319
reductionTest.reduceBlock	KHdNyEdG	1422467610253164	115798
reductionTest.reduceBlock	KHdNyEdG	1422467610253487	115789
reductionTest.reduceBlock	KHdNyEdG	1422467610253811	115468
reductionTest.reduceBlock	KHdNyEdG	1422467610254136	115802
reductionTest.reduceBlock	KHdNyEdG	1422467610254458	114828
reductionTest.reduceBlock	KHdNyEdG	1422467610254779	116177
reductionTest.reduceBlock	KHdNyEdG	1422467610255102	115502
reductionTest.reduceBlock	KHdNyEdG	1422467610255425	115637
reductionTest.reduceBlock	KHdNyEdG	1422467610255748	116253
reductionTest.reduceBlock	KHdNyEdG	1422467610256072	115312
reductionTest.reduceBlock	KHdNyEdG	1422467610256410	126732
reductionTest.reduceBlock	KHdNyEdG	1422467610256773	115537
reductionTest.reduceBlock	KHdNyEdG	1422467610257120	115915
reductionTest.reduceBlock	KHdNyEdG	1422467610257443	116501
reductionTest.reduceBlock	KHdNyEdG	1422467610257817	115189
reductionTest.reduceBlock	KHdNyEdG	1422467610258142	115749
reductionTest.reduceBlock	KHdNyEdG	1422467610258464	114923
reductionTest.reduceBlock	KHdNyEdG	1422467610258800	117026
reductionTest.reduceBlock	KHdNyEdG	1422467610259124	130388
reductionTest.reduceBlock	KHdNyEdG	1422467610259463	115710
reductionTest.reduceBlock	KHdNyEdG	1422467610259786	117990
reductionTest.reduceBlock	KHdNyEdG	1422467610260124	128345
reductionTest.reduceBlock	KHdNyEdG	1422467610260467	116882
reductionTest.reduceBlock	KHdNyEdG	1422467610260791	115508
reductionTest.reduceBlock	KHdNyEdG	1422467610261113	129920
reductionTest.reduceBlock	KHdNyEdG	1422467610261462	115986
reductionTest.reduceBlock	KHdNyEdG	1422467610261785	114936
reductionTest.reduceBlock	KHdNyEdG	1422467610262105	116777
reductionTest.reduceBlock	KHdNyEdG	1422467610262431	130727
reductionTest.reduceBlock	KHdNyEdG	1422467610262768	115846
reductionTest.reduceBlock	KHdNyEdG	1422467610263089	131293
reductionTest.reduceBlock	KHdNyEdG	1422467610263427	115801
reductionTest.reduceBlock	KHdNyEdG	1422467610263752	116160
reductionTest.reduceBlock	KHdNyEdG	1422467610264090	128452
reductionTest.reduceBlock	KHdNyEdG	1422467610264424	136045
reductionTest.reduceBlock	KHdNyEdG	1422467610264765	115932
reductionTest.reduceBlock	KHdNyEdG	1422467610265103	116372
reductionTest.reduceBlock	KHdNyEdG	1422467610265428	116272
reductionTest.reduceBlock	KHdNyEdG	1422467610265772	132555
reductionTest.reduceBlock	KHdNyEdG	1422467610266114	116376
reductionTest.reduceBlock	KHdNyEdG	1422467610266437	118142
reductionTest.reduceBlock	KHdNyEdG	1422467610266779	129289
reductionTest.reduceBlock	KHdNyEdG	1422467610267121	129250
reductionTest.reduceBlock	KHdNyEdG	1422467610267457	115754
reductionTest.reduceBlock	KHdNyEdG	1422467610267777	116647
reductionTest.reduceBlock	KHdNyEdG	1422467610268129	115641
reductionTest.reduceBlock	KHdNyEdG	1422467610268464	116777
reductionTest.reduceBlock	KHdNyEdG	1422467610268789	129448
reductionTest.reduceBlock	KHdNyEdG	1422467610269126	129403
reductionTest.reduceBlock	KHdNyEdG	1422467610269460	115741
reductionTest.reduceBlock	KHdNyEdG	1422467610269797	140326
reductionTest.reduceBlock	KHdNyEdG	1422467610270144	116115
reductionTest.reduceBlock	KHdNyEdG	1422467610270466	114701
reductionTest.reduceBlock	KHdNyEdG	1422467610270787	116522
reductionTest.reduceBlock	KHdNyEdG	1422467610271108	128645
reductionTest.reduceBlock	KHdNyEdG	1422467610271456	115242
reductionTest.reduceBlock	KHdNyEdG	1422467610271778	134089
reductionTest.reduceBlock	KHdNyEdG	1422467610272120	142786
reductionTest.reduceBlock	KHdNyEdG	1422467610272477	137624
reductionTest.reduceBlock	KHdNyEdG	1422467610272824	115461
reductionTest.reduceBlock	KHdNyEdG	1422467610273146	116096
reductionTest.reduceBlock	KHdNyEdG	1422467610273467	125817
reductionTest.reduceBlock	KHdNyEdG	1422467610273805	116286
reductionTest.reduceBlock	KHdNyEdG	1422467610274127	116048
reductionTest.reduceBlock	KHdNyEdG	1422467610274450	130414
reductionTest.reduceBlock	KHdNyEdG	1422467610274807	117152
reductionTest.reduceBlock	KHdNyEdG	1422467610275131	115511
reductionTest.reduceBlock	KHdNyEdG	1422467610275465	130149
reductionTest.reduceBlock	KHdNyEdG	1422467610275800	115565
reductionTest.reduceBlock	KHdNyEdG	1422467610276145	130068
reductionTest.reduceBlock	KHdNyEdG	1422467610276488	116055
reductionTest.reduceBlock	KHdNyEdG	1422467610276835	115827
reductionTest.reduceBlock	KHdNyEdG	1422467610277157	116037
reductionTest.reduceBlock	KHdNyEdG	1422467610277478	115978
reductionTest.reduceBlock	KHdNyEdG	1422467610277799	133454
reductionTest.reduceBlock	KHdNyEdG	1422467610278168	116530
reductionTest.reduceBlock	KHdNyEdG	1422467610278492	129649
reductionTest.reduceBlock	KHdNyEdG	1422467610278829	116913
reductionTest.reduceBlock	KHdNyEdG	1422467610279150	128085
reductionTest.reduceBlock	KHdNyEdG	1422467610279485	116501
reductionTest.reduceBlock	KHdNyEdG	1422467610279836	115885
reductionTest.reduceBlock	KHdNyEdG	1422467610280158	116334
reductionTest.reduceBlock	KHdNyEdG	1422467610280508	130318
reductionTest.reduceBlock	KHdNyEdG	1422467610280845	128947
reductionTest.reduceBlock	KHdNyEdG	1422467610281199	140586
reductionTest.reduceBlock	KHdNyEdG	1422467610281546	115146
reductionTest.reduceBlock	KHdNyEdG	1422467610281867	116819
reductionTest.reduceBlock	KHdNyEdG	1422467610282190	129577
reductionTest.reduceBlock	KHdNyEdG	1422467610282535	116332
reductionTest.reduceBlock	KHdNyEdG	1422467610282859	129793
reductionTest.reduceBlock	KHdNyEdG	1422467610283212	128516
reductionTest.reduceBlock	KHdNyEdG	1422467610283547	114831
reductionTest.reduceBlock	KHdNyEdG	1422467610283881	115889
reductionTest.reduceBlock	KHdNyEdG	1422467610284203	115665
reductionTest.reduceBlock	KHdNyEdG	1422467610284532	128413
reductionTest.reduceBlock	KHdNyEdG	1422467610284869	129012
reductionTest.reduceBlock	KHdNyEdG	1422467610285203	115364
reductionTest.reduceBlock	KHdNyEdG	1422467610285528	116353
reductionTest.reduceBlock	KHdNyEdG	1422467610285851	115158
reductionTest.reduceBlock	KHdNyEdG	1422467610286170	116015
reductionTest.reduceBlock	KHdNyEdG	1422467610286491	116088
reductionTest.reduceBlock	KHdNyEdG	1422467610286812	115457
reductionTest.reduceBlock	KHdNyEdG	1422467610287210	117435
reductionTest.reduceBlock	KHdNyEdG	1422467610287555	115795
reductionTest.reduceBlock	KHdNyEdG	1422467610287870	116320
reductionTest.reduceBlock	KHdNyEdG	1422467610295229	187575
reductionTest.reduceBlock	KHdNyEdG	1422467610295740	111874
reductionTest.reduceBlock	KHdNyEdG	1422467610296053	111081
reductionTest.reduceBlock	KHdNyEdG	1422467610296363	216261
reductionTest.reduceBlock	KHdNyEdG	1422467610296804	124662
reductionTest.reduceBlock	KHdNyEdG	1422467610297162	122541
reductionTest.reduceBlock	KHdNyEdG	1422467610297639	180475
reductionTest.reduceBlock	KHdNyEdG	1422467610298203	178054
reductionTest.reduceBlock	KHdNyEdG	1422467610298705	177678
reductionTest.reduceBlock	KHdNyEdG	1422467610299202	178189
reductionTest.reduceBlock	KHdNyEdG	1422467610299703	202310
reductionTest.reduceBlock	KHdNyEdG	1422467610300229	184809
reductionTest.reduceBlock	KHdNyEdG	1422467610300770	200858
reductionTest.reduceBlock	KHdNyEdG	1422467610301291	199778
reductionTest.reduceBlock	KHdNyEdG	1422467610301811	177806
reductionTest.reduceBlock	KHdNyEdG	1422467610302313	178132
reductionTest.reduceBlock	KHdNyEdG	1422467610302810	197662
reductionTest.reduceBlock	KHdNyEdG	1422467610303330	177252
reductionTest.reduceBlock	KHdNyEdG	1422467610303826	178527
reductionTest.reduceBlock	KHdNyEdG	1422467610304325	196034
reductionTest.reduceBlock	KHdNyEdG	1422467610304721	109564
reductionTest.reduceBlock	KHdNyEdG	1422467610305028	123725
reductionTest.reduceBlock	KHdNyEdG	1422467610305349	125312
reductionTest.reduceBlock	KHdNyEdG	1422467610305670	110343
reductionTest.reduceBlock	KHdNyEdG	1422467610305975	110807
reductionTest.reduceBlock	KHdNyEdG	1422467610306285	128565
reductionTest.reduceBlock	KHdNyEdG	1422467610306613	128239
reductionTest.reduceBlock	KHdNyEdG	1422467610306941	145452
reductionTest.reduceBlock	KHdNyEdG	1422467610307285	114750
reductionTest.reduceBlock	KHdNyEdG	1422467610307600	117041
reductionTest.reduceBlock	KHdNyEdG	1422467610307917	127506
reductionTest.reduceBlock	KHdNyEdG	1422467610308245	127897
reductionTest.reduceBlock	KHdNyEdG	1422467610308597	116141
reductionTest.reduceBlock	KHdNyEdG	1422467610308934	114389
reductionTest.reduceBlock	KHdNyEdG	1422467610309248	114683
reductionTest.reduceBlock	KHdNyEdG	1422467610309597	116024
reductionTest.reduceBlock	KHdNyEdG	1422467610309913	114423
reductionTest.reduceBlock	KHdNyEdG	1422467610310228	130145
reductionTest.reduceBlock	KHdNyEdG	1422467610310558	114051
reductionTest.reduceBlock	KHdNyEdG	1422467610310871	115127
reductionTest.reduceBlock	KHdNyEdG	1422467610311191	128409
reductionTest.reduceBlock	KHdNyEdG	1422467610311521	127331
reductionTest.reduceBlock	KHdNyEdG	1422467610311849	124917
reductionTest.reduceBlock	KHdNyEdG	1422467610312196	109913
reductionTest.reduceBlock	KHdNyEdG	1422467610312510	124901
reductionTest.reduceBlock	KHdNyEdG	1422467610312832	109649
reductionTest.reduceBlock	KHdNyEdG	1422467610313139	108916
reductionTest.reduceBlock	KHdNyEdG	1422467610313445	110095
reductionTest.reduceBlock	KHdNyEdG	1422467610313752	109724
reductionTest.reduceBlock	KHdNyEdG	1422467610314057	123474
reductionTest.reduceBlock	KHdNyEdG	1422467610314378	109011
reductionTest.reduceBlock	KHdNyEdG	1422467610314682	115584
reductionTest.reduceBlock	KHdNyEdG	1422467610314999	115558
reductionTest.reduceBlock	KHdNyEdG	1422467610315312	127957
reductionTest.reduceBlock	KHdNyEdG	1422467610315641	115276
reductionTest.reduceBlock	KHdNyEdG	1422467610315954	114567
reductionTest.reduceBlock	KHdNyEdG	1422467610316268	116251
reductionTest.reduceBlock	KHdNyEdG	1422467610316598	114655
reductionTest.reduceBlock	KHdNyEdG	1422467610316913	114906
reductionTest.reduceBlock	KHdNyEdG	1422467610317228	129086
reductionTest.reduceBlock	KHdNyEdG	1422467610317556	131496
reductionTest.reduceBlock	KHdNyEdG	1422467610317884	109966
reductionTest.reduceBlock	KHdNyEdG	1422467610318190	122460
reductionTest.reduceBlock	KHdNyEdG	1422467610318522	110072
reductionTest.reduceBlock	KHdNyEdG	1422467610318841	109298
reductionTest.reduceBlock	KHdNyEdG	1422467610319145	109691
reductionTest.reduceBlock	KHdNyEdG	1422467610319465	109445
reductionTest.reduceBlock	KHdNyEdG	1422467610319771	111513
reductionTest.reduceBlock	KHdNyEdG	1422467610320078	123035
reductionTest.reduceBlock	KHdNyEdG	1422467610320413	115693
reductionTest.reduceBlock	KHdNyEdG	1422467610320726	122732
reductionTest.reduceBlock	KHdNyEdG	1422467610321045	109158
reductionTest.reduceBlock	KHdNyEdG	1422467610321352	109302
reductionTest.reduceBlock	KHdNyEdG	1422467610321657	109946
reductionTest.reduceBlock	KHdNyEdG	1422467610321962	109352
reductionTest.reduceBlock	KHdNyEdG	1422467610322268	109690
reductionTest.reduceBlock	KHdNyEdG	1422467610322589	109541
reductionTest.reduceBlock	KHdNyEdG	1422467610322905	109677
reductionTest.reduceBlock	KHdNyEdG	1422467610323212	109705
reductionTest.reduceBlock	KHdNyEdG	1422467610323537	109637
reductionTest.reduceBlock	KHdNyEdG	1422467610323857	109620
reductionTest.reduceBlock	KHdNyEdG	1422467610324162	108953
reductionTest.reduceBlock	KHdNyEdG	1422467610324475	109405
reductionTest.reduceBlock	KHdNyEdG	1422467610324780	109097
reductionTest.reduceBlock	KHdNyEdG	1422467610325086	109117
reductionTest.reduceBlock	KHdNyEdG	1422467610325390	122210
reductionTest.reduceBlock	KHdNyEdG	1422467610325721	121793
reductionTest.reduceBlock	KHdNyEdG	1422467610326039	108835
reductionTest.reduceBlock	KHdNyEdG	1422467610326344	109425
reductionTest.reduceBlock	KHdNyEdG	1422467610326651	109649
reductionTest.reduceBlock	KHdNyEdG	1422467610326978	109357
reductionTest.reduceBlock	KHdNyEdG	1422467610327283	109715
reductionTest.reduceBlock	KHdNyEdG	1422467610327588	109552
reductionTest.reduceBlock	KHdNyEdG	1422467610327892	122695
reductionTest.reduceBlock	KHdNyEdG	1422467610328209	109731
reductionTest.reduceBlock	KHdNyEdG	1422467610328528	109299
reductionTest.reduceBlock	KHdNyEdG	1422467610328834	114124
reductionTest.reduceBlock	KHdNyEdG	1422467610329143	123745
reductionTest.reduceBlock	KHdNyEdG	1422467610329472	109863
reductionTest.reduceBlock	KHdNyEdG	1422467610329778	110082
reductionTest.reduceBlock	KHdNyEdG	1422467610330083	109355
reductionTest.reduceBlock	KHdNyEdG	1422467610330404	109707
reductionTest.reduceBlock	KHdNyEdG	1422467610330708	109590
reductionTest.reduceBlock	KHdNyEdG	1422467610331014	109507
reductionTest.reduceBlock	KHdNyEdG	1422467610331338	110048
reductionTest.reduceBlock	KHdNyEdG	1422467610331645	108933
reductionTest.reduceBlock	KHdNyEdG	1422467610331949	110086
reductionTest.reduceBlock	KHdNyEdG	1422467610332255	109664
reductionTest.reduceBlock	KHdNyEdG	1422467610332569	110057
reductionTest.reduceBlock	KHdNyEdG	1422467610332876	109774
reductionTest.reduceBlock	KHdNyEdG	1422467610333182	109982
reductionTest.reduceBlock	KHdNyEdG	1422467610333488	110711
reductionTest.reduceBlock	KHdNyEdG	1422467610333795	111833
reductionTest.reduceBlock	KHdNyEdG	1422467610334106	110754
reductionTest.reduceBlock	KHdNyEdG	1422467610334413	109152
reductionTest.reduceBlock	KHdNyEdG	1422467610334717	109382
reductionTest.reduceBlock	KHdNyEdG	1422467610335037	109387
reductionTest.reduceBlock	KHdNyEdG	1422467610335341	122309
reductionTest.reduceBlock	KHdNyEdG	1422467610335671	109978
reductionTest.reduceBlock	KHdNyEdG	1422467610335977	109071
reductionTest.reduceBlock	KHdNyEdG	1422467610336282	109631
reductionTest.reduceBlock	KHdNyEdG	1422467610336595	131544
reductionTest.reduceBlock	KHdNyEdG	1422467610336921	109338
reductionTest.reduceBlock	KHdNyEdG	1422467610337226	109451
reductionTest.reduceBlock	KHdNyEdG	1422467610337530	122918
reductionTest.reduceBlock	KHdNyEdG	1422467610337848	134716
reductionTest.reduceBlock	KHdNyEdG	1422467610338193	109795
reductionTest.reduceBlock	KHdNyEdG	1422467610338499	109568
reductionTest.reduceBlock	KHdNyEdG	1422467610338804	109819
reductionTest.reduceBlock	KHdNyEdG	1422467610339109	109650
reductionTest.reduceBlock	KHdNyEdG	1422467610339414	109372
reductionTest.reduceBlock	KHdNyEdG	1422467610339732	122286
reductionTest.reduceBlock	KHdNyEdG	1422467610340048	109468
reductionTest.reduceBlock	KHdNyEdG	1422467610340366	124215
reductionTest.reduceBlock	KHdNyEdG	1422467610340688	109290
reductionTest.reduceBlock	KHdNyEdG	1422467610340992	109879
reductionTest.reduceBlock	KHdNyEdG	1422467610341297	109755
reductionTest.reduceBlock	KHdNyEdG	1422467610341602	110112
reductionTest.reduceBlock	KHdNyEdG	1422467610341907	110232
reductionTest.reduceBlock	KHdNyEdG	1422467610342221	109787
reductionTest.reduceBlock	KHdNyEdG	1422467610342542	109379
reductionTest.reduceBlock	KHdNyEdG	1422467610342847	109172
reductionTest.reduceBlock	KHdNyEdG	1422467610343152	123197
reductionTest.reduceBlock	KHdNyEdG	1422467610343471	122958
reductionTest.reduceBlock	KHdNyEdG	1422467610343790	109615
reductionTest.reduceBlock	KHdNyEdG	1422467610344100	109745
reductionTest.reduceBlock	KHdNyEdG	1422467610344404	117542
reductionTest.reduceBlock	KHdNyEdG	1422467610344719	109630
reductionTest.reduceBlock	KHdNyEdG	1422467610345019	110054
reductionTest.reduceBlock	KHdNyEdG	1422467610345324	115765
reductionTest.reduceBlock	KHdNyEdG	1422467610345635	132651
reductionTest.reduceBlock	KHdNyEdG	1422467610345965	115190
reductionTest.reduceBlock	KHdNyEdG	1422467610346274	115484
reductionTest.reduceBlock	KHdNyEdG	1422467610346586	115390
reductionTest.reduceBlock	KHdNyEdG	1422467610346896	116373
reductionTest.reduceBlock	KHdNyEdG	1422467610347209	114712
reductionTest.reduceBlock	KHdNyEdG	1422467610347524	129154
reductionTest.reduceBlock	KHdNyEdG	1422467610347862	115365
reductionTest.reduceBlock	KHdNyEdG	1422467610348171	115017
reductionTest.reduceBlock	KHdNyEdG	1422467610348487	115494
reductionTest.reduceBlock	KHdNyEdG	1422467610348811	128121
reductionTest.reduceBlock	KHdNyEdG	1422467610349134	128775
reductionTest.reduceBlock	KHdNyEdG	1422467610349472	114370
reductionTest.reduceBlock	KHdNyEdG	1422467610349782	128625
reductionTest.reduceBlock	KHdNyEdG	1422467610350107	128870
reductionTest.reduceBlock	KHdNyEdG	1422467610350430	129469
reductionTest.reduceBlock	KHdNyEdG	1422467610350756	115574
reductionTest.reduceBlock	KHdNyEdG	1422467610351065	114305
reductionTest.reduceBlock	KHdNyEdG	1422467610351388	115582
reductionTest.reduceBlock	KHdNyEdG	1422467610351697	114308
reductionTest.reduceBlock	KHdNyEdG	1422467610352007	114231
reductionTest.reduceBlock	KHdNyEdG	1422467610352317	126650
reductionTest.reduceBlock	KHdNyEdG	1422467610352641	115393
reductionTest.reduceBlock	KHdNyEdG	1422467610352952	114987
reductionTest.reduceBlock	KHdNyEdG	1422467610353279	115251
reductionTest.reduceBlock	KHdNyEdG	1422467610353603	136689
reductionTest.reduceBlock	KHdNyEdG	1422467610353946	114514
reductionTest.reduceBlock	KHdNyEdG	1422467610354258	115050
reductionTest.reduceBlock	KHdNyEdG	1422467610354568	114827
reductionTest.reduceBlock	KHdNyEdG	1422467610354894	114052
reductionTest.reduceBlock	KHdNyEdG	1422467610355205	115501
reductionTest.reduceBlock	KHdNyEdG	1422467610355514	115333
reductionTest.reduceBlock	KHdNyEdG	1422467610355823	114822
reductionTest.reduceBlock	KHdNyEdG	1422467610356134	115651
reductionTest.reduceBlock	KHdNyEdG	1422467610356452	127668
reductionTest.reduceBlock	KHdNyEdG	1422467610356777	115112
reductionTest.reduceBlock	KHdNyEdG	1422467610357089	114825
reductionTest.reduceBlock	KHdNyEdG	1422467610357399	114992
reductionTest.reduceBlock	KHdNyEdG	1422467610357710	115485
reductionTest.reduceBlock	KHdNyEdG	1422467610358022	128919
reductionTest.reduceBlock	KHdNyEdG	1422467610358348	115328
reductionTest.reduceBlock	KHdNyEdG	1422467610358659	114655
reductionTest.reduceBlock	KHdNyEdG	1422467610358970	115966
reductionTest.reduceBlock	KHdNyEdG	1422467610359281	115213
reductionTest.reduceBlock	KHdNyEdG	1422467610359592	129542
reductionTest.reduceBlock	KHdNyEdG	1422467610359917	114901
reductionTest.reduceBlock	KHdNyEdG	1422467610360242	114128
reductionTest.reduceBlock	KHdNyEdG	1422467610360559	114162
reductionTest.reduceBlock	KHdNyEdG	1422467610360868	116274
reductionTest.reduceBlock	KHdNyEdG	1422467610361181	129168
reductionTest.reduceBlock	KHdNyEdG	1422467610361506	115419
reductionTest.reduceBlock	KHdNyEdG	1422467610361830	115166
reductionTest.reduceBlock	KHdNyEdG	1422467610362154	115392
reductionTest.reduceBlock	KHdNyEdG	1422467610362465	114477
reductionTest.reduceBlock	KHdNyEdG	1422467610362773	115571
reductionTest.reduceBlock	KHdNyEdG	1422467610363097	126959
reductionTest.reduceBlock	KHdNyEdG	1422467610363418	128411
reductionTest.reduceBlock	KHdNyEdG	1422467610363743	114481
reductionTest.reduceBlock	KHdNyEdG	1422467610364068	113960
reductionTest.reduceBlock	KHdNyEdG	1422467610364377	126647
reductionTest.reduceBlock	KHdNyEdG	1422467610364702	129067
reductionTest.reduceBlock	KHdNyEdG	1422467610365042	116462
reductionTest.reduceBlock	KHdNyEdG	1422467610365354	128554
reductionTest.reduceBlock	KHdNyEdG	1422467610365677	115104
reductionTest.reduceBlock	KHdNyEdG	1422467610365988	114745
reductionTest.reduceBlock	KHdNyEdG	1422467610366318	114132
reductionTest.reduceBlock	KHdNyEdG	1422467610366628	129819
reductionTest.reduceBlock	KHdNyEdG	1422467610366968	114908
reductionTest.reduceBlock	KHdNyEdG	1422467610367280	137789
reductionTest.reduceBlock	KHdNyEdG	1422467610367612	115287
reductionTest.reduceBlock	KHdNyEdG	1422467610367925	115266
reductionTest.reduceBlock	KHdNyEdG	1422467610368235	115043
reductionTest.reduceBlock	KHdNyEdG	1422467610368554	116394
reductionTest.reduceBlock	KHdNyEdG	1422467610368867	128823
reductionTest.reduceBlock	KHdNyEdG	1422467610369193	114215
reductionTest.reduceBlock	KHdNyEdG	1422467610369515	115573
reductionTest.reduceBlock	KHdNyEdG	1422467610369841	115251
reductionTest.reduceBlock	KHdNyEdG	1422467610370151	115470
reductionTest.reduceBlock	KHdNyEdG	1422467610370477	115907
reductionTest.reduceBlock	KHdNyEdG	1422467610370787	115134
reductionTest.reduceBlock	KHdNyEdG	1422467610371098	114755
reductionTest.reduceBlock	KHdNyEdG	1422467610371408	114000
reductionTest.reduceBlock	KHdNyEdG	1422467610371718	140252
reductionTest.reduceBlock	KHdNyEdG	1422467610372053	115953
reductionTest.reduceBlock	KHdNyEdG	1422467610372366	133505
reductionTest.reduceBlock	KHdNyEdG	1422467610372697	115884
reductionTest.reduceBlock	KHdNyEdG	1422467610373021	114121
reductionTest.reduceBlock	KHdNyEdG	1422467610373331	115421
reductionTest.reduceBlock	KHdNyEdG	1422467610373642	148253
reductionTest.reduceBlock	KHdNyEdG	1422467610373992	128323
reductionTest.reduceBlock	KHdNyEdG	1422467610374316	115336
reductionTest.reduceBlock	KHdNyEdG	1422467610374640	134818
reductionTest.reduceBlock	KHdNyEdG	1422467610374969	114436
reductionTest.reduceBlock	KHdNyEdG	1422467610375288	114220
reductionTest.reduceBlock	KHdNyEdG	1422467610375599	116731
reductionTest.reduceBlock	KHdNyEdG	1422467610375927	115130
reductionTest.reduceBlock	KHdNyEdG	1422467610376237	115530
reductionTest.reduceBlock	KHdNyEdG	1422467610376585	115388
reductionTest.reduceBlock	KHdNyEdG	1422467610376897	116282
reductionTest.reduceBlock	KHdNyEdG	1422467610377224	115435
reductionTest.reduceBlock	KHdNyEdG	1422467610377549	114804
reductionTest.reduceBlock	KHdNyEdG	1422467610377860	129472
reductionTest.reduceBlock	KHdNyEdG	1422467610378184	115398
reductionTest.reduceBlock	KHdNyEdG	1422467610378496	128196
reductionTest.reduceBlock	KHdNyEdG	1422467610378821	128951
reductionTest.reduceBlock	KHdNyEdG	1422467610379153	115195
reductionTest.reduceBlock	KHdNyEdG	1422467610379465	115501
reductionTest.reduceBlock	KHdNyEdG	1422467610379777	115346
reductionTest.reduceBlock	KHdNyEdG	1422467610380086	129112
reductionTest.reduceBlock	KHdNyEdG	1422467610380413	121309
reductionTest.reduceBlock	KHdNyEdG	1422467610380732	114907
reductionTest.reduceBlock	KHdNyEdG	1422467610381043	128316
reductionTest.reduceBlock	KHdNyEdG	1422467610381369	114807
reductionTest.reduceBlock	KHdNyEdG	1422467610381704	117167
reductionTest.reduceBlock	KHdNyEdG	1422467610382016	115593
reductionTest.reduceBlock	KHdNyEdG	1422467610382329	115593
reductionTest.reduceBlock	KHdNyEdG	1422467610382640	114974
reductionTest.reduceBlock	KHdNyEdG	1422467610382952	114781
reductionTest.reduceBlock	KHdNyEdG	1422467610383275	115245
reductionTest.reduceBlock	KHdNyEdG	1422467610383585	114768
reductionTest.reduceBlock	KHdNyEdG	1422467610383895	115749
reductionTest.reduceBlock	KHdNyEdG	1422467610384206	115257
reductionTest.reduceBlock	KHdNyEdG	1422467610384524	115346
reductionTest.reduceBlock	KHdNyEdG	1422467610384835	116303
reductionTest.reduceBlock	KHdNyEdG	1422467610385146	114718
reductionTest.reduceBlock	KHdNyEdG	1422467610385455	116071
reductionTest.reduceBlock	KHdNyEdG	1422467610385777	114694
reductionTest.reduceBlock	KHdNyEdG	1422467610386086	114935
reductionTest.reduceBlock	KHdNyEdG	1422467610386398	115409
reductionTest.reduceBlock	KHdNyEdG	1422467610386710	115068
reductionTest.reduceBlock	KHdNyEdG	1422467610387021	115497
reductionTest.reduceBlock	KHdNyEdG	1422467610387330	114241
reductionTest.reduceBlock	KHdNyEdG	1422467610387640	115513
reductionTest.reduceBlock	KHdNyEdG	1422467610387951	115460
reductionTest.reduceBlock	KHdNyEdG	1422467610388282	128389
reductionTest.reduceBlock	KHdNyEdG	1422467610388616	115249
reductionTest.reduceBlock	KHdNyEdG	1422467610388928	114309
reductionTest.reduceBlock	KHdNyEdG	1422467610389239	115151
reductionTest.reduceBlock	KHdNyEdG	1422467610389548	113782
reductionTest.reduceBlock	KHdNyEdG	1422467610389857	116098
reductionTest.reduceBlock	KHdNyEdG	1422467610390167	128486
reductionTest.reduceBlock	KHdNyEdG	1422467610390492	115105
reductionTest.reduceBlock	KHdNyEdG	1422467610390803	115522
reductionTest.reduceBlock	KHdNyEdG	1422467610391112	126990
reductionTest.reduceBlock	KHdNyEdG	1422467610391434	128270
reductionTest.reduceBlock	KHdNyEdG	1422467610391756	114363
reductionTest.reduceBlock	KHdNyEdG	1422467610392065	115129
reductionTest.reduceBlock	KHdNyEdG	1422467610392376	120556
reductionTest.reduceBlock	KHdNyEdG	1422467610392692	114447
reductionTest.reduceBlock	KHdNyEdG	1422467610393003	115653
reductionTest.reduceBlock	KHdNyEdG	1422467610393312	114090
reductionTest.reduceBlock	KHdNyEdG	1422467610393621	126974
reductionTest.reduceBlock	KHdNyEdG	1422467610393944	115567
reductionTest.reduceBlock	KHdNyEdG	1422467610394254	114469
reductionTest.reduceBlock	KHdNyEdG	1422467610394564	115360
reductionTest.reduceBlock	KHdNyEdG	1422467610394876	115235
reductionTest.reduceBlock	KHdNyEdG	1422467610395188	115505
reductionTest.reduceBlock	KHdNyEdG	1422467610395497	127624
reductionTest.reduceBlock	KHdNyEdG	1422467610395820	115357
reductionTest.reduceBlock	KHdNyEdG	1422467610396132	114911
reductionTest.reduceBlock	KHdNyEdG	1422467610396464	115268
reductionTest.reduceBlock	KHdNyEdG	1422467610396773	116995
reductionTest.reduceBlock	KHdNyEdG	1422467610397086	115085
reductionTest.reduceBlock	KHdNyEdG	1422467610397397	129176
reductionTest.reduceBlock	KHdNyEdG	1422467610397724	114572
reductionTest.reduceBlock	KHdNyEdG	1422467610398048	115749
reductionTest.reduceBlock	KHdNyEdG	1422467610398358	114381
reductionTest.reduceBlock	KHdNyEdG	1422467610398667	115051
reductionTest.reduceBlock	KHdNyEdG	1422467610398976	115577
reductionTest.reduceBlock	KHdNyEdG	1422467610399287	114594
reductionTest.reduceBlock	KHdNyEdG	1422467610399597	115040
reductionTest.reduceBlock	KHdNyEdG	1422467610399922	126661
reductionTest.reduceBlock	KHdNyEdG	1422467610400243	115561
reductionTest.reduceBlock	KHdNyEdG	1422467610400565	115095
reductionTest.reduceBlock	KHdNyEdG	1422467610400877	115584
reductionTest.reduceBlock	KHdNyEdG	1422467610401188	115563
reductionTest.reduceBlock	KHdNyEdG	1422467610401499	114561
reductionTest.reduceBlock	KHdNyEdG	1422467610401811	116090
reductionTest.reduceBlock	KHdNyEdG	1422467610402123	115447
reductionTest.reduceBlock	KHdNyEdG	1422467610402433	115655
reductionTest.reduceBlock	KHdNyEdG	1422467610402745	128598
reductionTest.reduceBlock	KHdNyEdG	1422467610403067	115533
reductionTest.reduceBlock	KHdNyEdG	1422467610403377	116023
reductionTest.reduceBlock	KHdNyEdG	1422467610403689	112975
reductionTest.reduceBlock	KHdNyEdG	1422467610403997	135309
reductionTest.reduceBlock	KHdNyEdG	1422467610404328	121366
reductionTest.reduceBlock	KHdNyEdG	1422467610404647	114628
reductionTest.reduceBlock	KHdNyEdG	1422467610404957	114994
reductionTest.reduceBlock	KHdNyEdG	1422467610405267	114520
reductionTest.reduceBlock	KHdNyEdG	1422467610405578	115290
reductionTest.reduceBlock	KHdNyEdG	1422467610405888	137371
reductionTest.reduceBlock	KHdNyEdG	1422467610406222	115736
reductionTest.reduceBlock	KHdNyEdG	1422467610406533	114757
reductionTest.reduceBlock	KHdNyEdG	1422467610406843	129175
reductionTest.reduceBlock	KHdNyEdG	1422467610407182	115281
reductionTest.reduceBlock	KHdNyEdG	1422467610407493	114084
reductionTest.reduceBlock	KHdNyEdG	1422467610407816	129592
reductionTest.reduceBlock	KHdNyEdG	1422467610408140	115427
reductionTest.reduceBlock	KHdNyEdG	1422467610408458	115032
reductionTest.reduceBlock	KHdNyEdG	1422467610408768	114885
reductionTest.reduceBlock	KHdNyEdG	1422467610409079	129235
reductionTest.reduceBlock	KHdNyEdG	1422467610409405	115391
reductionTest.reduceBlock	KHdNyEdG	1422467610409714	114369
reductionTest.reduceBlock	KHdNyEdG	1422467610410024	114999
reductionTest.reduceBlock	KHdNyEdG	1422467610410353	114102
reductionTest.reduceBlock	KHdNyEdG	1422467610410662	128295
reductionTest.reduceBlock	KHdNyEdG	1422467610410986	132125
reductionTest.reduceBlock	KHdNyEdG	1422467610411313	114813
reductionTest.reduceBlock	KHdNyEdG	1422467610411623	115853
reductionTest.reduceBlock	KHdNyEdG	1422467610411934	128865
reductionTest.reduceBlock	KHdNyEdG	1422467610412257	115726
reductionTest.reduceBlock	KHdNyEdG	1422467610412578	115169
reductionTest.reduceBlock	KHdNyEdG	1422467610412890	115020
reductionTest.reduceBlock	KHdNyEdG	1422467610413201	129306
reductionTest.reduceBlock	KHdNyEdG	1422467610413558	115713
reductionTest.reduceBlock	KHdNyEdG	1422467610413870	115133
reductionTest.reduceBlock	KHdNyEdG	1422467610414181	129804
reductionTest.reduceBlock	KHdNyEdG	1422467610414509	114423
reductionTest.reduceBlock	KHdNyEdG	1422467610414817	140829
reductionTest.reduceBlock	KHdNyEdG	1422467610415152	113899
reductionTest.reduceBlock	KHdNyEdG	1422467610415462	114960
reductionTest.reduceBlock	KHdNyEdG	1422467610415772	129064
reductionTest.reduceBlock	KHdNyEdG	1422467610416097	115581
reductionTest.reduceBlock	KHdNyEdG	1422467610416406	135301
reductionTest.reduceBlock	KHdNyEdG	1422467610416739	114110
reductionTest.reduceBlock	KHdNyEdG	1422467610417047	115200
reductionTest.reduceBlock	KHdNyEdG	1422467610417357	114089
reductionTest.reduceBlock	KHdNyEdG	1422467610417690	114621
reductionTest.reduceBlock	KHdNyEdG	1422467610418006	122469
reductionTest.reduceBlock	KHdNyEdG	1422467610418325	115894
reductionTest.reduceBlock	KHdNyEdG	1422467610418637	129240
reductionTest.reduceBlock	KHdNyEdG	1422467610418962	115075
reductionTest.reduceBlock	KHdNyEdG	1422467610419290	128210
reductionTest.reduceBlock	KHdNyEdG	1422467610419614	114857
reductionTest.reduceBlock	KHdNyEdG	1422467610419924	115624
reductionTest.reduceBlock	KHdNyEdG	1422467610420235	114162
reductionTest.reduceBlock	KHdNyEdG	1422467610420556	115518
reductionTest.reduceBlock	KHdNyEdG	1422467610420867	115157
reductionTest.reduceBlock	KHdNyEdG	1422467610421176	114238
reductionTest.reduceBlock	KHdNyEdG	1422467610421487	115367
reductionTest.reduceBlock	KHdNyEdG	1422467610421798	114305
reductionTest.reduceBlock	KHdNyEdG	1422467610422121	115806
reductionTest.reduceBlock	KHdNyEdG	1422467610422432	114290
reductionTest.reduceBlock	KHdNyEdG	1422467610422743	115347
reductionTest.reduceBlock	KHdNyEdG	1422467610423052	115336
reductionTest.reduceBlock	KHdNyEdG	1422467610423361	113929
reductionTest.reduceBlock	KHdNyEdG	1422467610423683	128577
reductionTest.reduceBlock	KHdNyEdG	1422467610424013	128475
reductionTest.reduceBlock	KHdNyEdG	1422467610424352	126964
reductionTest.reduceBlock	KHdNyEdG	1422467610424677	115346
reductionTest.reduceBlock	KHdNyEdG	1422467610424987	130166
reductionTest.reduceBlock	KHdNyEdG	1422467610425315	128817
reductionTest.reduceBlock	KHdNyEdG	1422467610425678	128787
reductionTest.reduceBlock	KHdNyEdG	1422467610426003	115497
reductionTest.reduceBlock	KHdNyEdG	1422467610426313	114962
reductionTest.reduceBlock	KHdNyEdG	1422467610426625	138770
reductionTest.reduceBlock	KHdNyEdG	1422467610426960	115240
reductionTest.reduceBlock	KHdNyEdG	1422467610427271	113992
reductionTest.reduceBlock	KHdNyEdG	1422467610427581	115019
reductionTest.reduceBlock	KHdNyEdG	1422467610427892	114770
reductionTest.reduceBlock	KHdNyEdG	1422467610428200	115083
reductionTest.reduceBlock	KHdNyEdG	1422467610428517	115656
reductionTest.reduceBlock	KHdNyEdG	1422467610428828	127915
reductionTest.reduceBlock	KHdNyEdG	1422467610429167	129234
reductionTest.reduceBlock	KHdNyEdG	1422467610429506	113731
reductionTest.reduceBlock	KHdNyEdG	1422467610429816	114493
reductionTest.reduceBlock	KHdNyEdG	1422467610430125	114059
reductionTest.reduceBlock	KHdNyEdG	1422467610430432	115262
reductionTest.reduceBlock	KHdNyEdG	1422467610430741	114875
reductionTest.reduceBlock	KHdNyEdG	1422467610431053	116762
reductionTest.reduceBlock	KHdNyEdG	1422467610431366	115512
reductionTest.reduceBlock	KHdNyEdG	1422467610431677	114659
reductionTest.reduceBlock	KHdNyEdG	1422467610431987	116615
reductionTest.reduceBlock	KHdNyEdG	1422467610432304	115226
reductionTest.reduceBlock	KHdNyEdG	1422467610432622	115301
reductionTest.reduceBlock	KHdNyEdG	1422467610432931	128540
reductionTest.reduceBlock	KHdNyEdG	1422467610433254	114539
reductionTest.reduceBlock	KHdNyEdG	1422467610433565	115948
reductionTest.reduceBlock	KHdNyEdG	1422467610433876	114466
reductionTest.reduceBlock	KHdNyEdG	1422467610434186	115040
reductionTest.reduceBlock	KHdNyEdG	1422467610434496	113701
reductionTest.reduceBlock	KHdNyEdG	1422467610434805	114378
reductionTest.reduceBlock	KHdNyEdG	1422467610435114	115951
reductionTest.reduceBlock	KHdNyEdG	1422467610435424	129198
reductionTest.reduceBlock	KHdNyEdG	1422467610435749	115004
reductionTest.reduceBlock	KHdNyEdG	1422467610436058	114912
reductionTest.reduceBlock	KHdNyEdG	1422467610436369	126889
reductionTest.reduceBlock	KHdNyEdG	1422467610436691	115368
reductionTest.reduceBlock	KHdNyEdG	1422467610437016	114864
reductionTest.reduceBlock	KHdNyEdG	1422467610437326	115443
reductionTest.reduceBlock	KHdNyEdG	1422467610437637	114653
reductionTest.reduceBlock	KHdNyEdG	1422467610437946	115751
reductionTest.reduceBlock	KHdNyEdG	1422467610438257	139893
reductionTest.reduceBlock	KHdNyEdG	1422467610438606	115127
reductionTest.reduceBlock	KHdNyEdG	1422467610438934	115693
reductionTest.reduceBlock	KHdNyEdG	1422467610439247	115875
reductionTest.reduceBlock	KHdNyEdG	1422467610439557	114414
reductionTest.reduceBlock	KHdNyEdG	1422467610439868	116098
reductionTest.reduceBlock	KHdNyEdG	1422467610440180	115116
reductionTest.reduceBlock	KHdNyEdG	1422467610440497	130032
reductionTest.reduceBlock	KHdNyEdG	1422467610440822	114361
reductionTest.reduceBlock	KHdNyEdG	1422467610441147	128712
reductionTest.reduceBlock	KHdNyEdG	1422467610441470	115360
reductionTest.reduceBlock	KHdNyEdG	1422467610441779	129300
reductionTest.reduceBlock	KHdNyEdG	1422467610442103	115930
reductionTest.reduceBlock	KHdNyEdG	1422467610442415	114550
reductionTest.reduceBlock	KHdNyEdG	1422467610442722	116542
reductionTest.reduceBlock	KHdNyEdG	1422467610443050	128474
reductionTest.reduceBlock	KHdNyEdG	1422467610443374	115187
reductionTest.reduceBlock	KHdNyEdG	1422467610443685	128330
reductionTest.reduceBlock	KHdNyEdG	1422467610444009	114988
reductionTest.reduceBlock	KHdNyEdG	1422467610444318	121656
reductionTest.reduceBlock	KHdNyEdG	1422467610444635	115067
reductionTest.reduceBlock	KHdNyEdG	1422467610444945	130171
reductionTest.reduceBlock	KHdNyEdG	1422467610445269	115326
reductionTest.reduceBlock	KHdNyEdG	1422467610445579	114694
reductionTest.reduceBlock	KHdNyEdG	1422467610445888	114835
reductionTest.reduceBlock	KHdNyEdG	1422467610446196	115444
reductionTest.reduceBlock	KHdNyEdG	1422467610446507	116085
reductionTest.reduceBlock	KHdNyEdG	1422467610446819	114355
reductionTest.reduceBlock	KHdNyEdG	1422467610447144	115114
reductionTest.reduceBlock	KHdNyEdG	1422467610447455	115369
reductionTest.reduceBlock	KHdNyEdG	1422467610447780	128536
reductionTest.reduceBlock	KHdNyEdG	1422467610448119	115456
reductionTest.reduceBlock	KHdNyEdG	1422467610448442	130390
reductionTest.reduceBlock	KHdNyEdG	1422467610448770	115860
reductionTest.reduceBlock	KHdNyEdG	1422467610449081	129154
reductionTest.reduceBlock	KHdNyEdG	1422467610449406	128994
reductionTest.reduceBlock	KHdNyEdG	1422467610449731	115027
reductionTest.reduceBlock	KHdNyEdG	1422467610450041	115076
reductionTest.reduceBlock	KHdNyEdG	1422467610450365	128211
reductionTest.reduceBlock	KHdNyEdG	1422467610450690	127891
reductionTest.reduceBlock	KHdNyEdG	1422467610451014	114755
reductionTest.reduceBlock	KHdNyEdG	1422467610451325	114369
reductionTest.reduceBlock	KHdNyEdG	1422467610451635	136986
reductionTest.reduceBlock	KHdNyEdG	1422467610451970	115880
reductionTest.reduceBlock	KHdNyEdG	1422467610452280	113979
reductionTest.reduceBlock	KHdNyEdG	1422467610452597	115380
reductionTest.reduceBlock	KHdNyEdG	1422467610452907	128738
reductionTest.reduceBlock	KHdNyEdG	1422467610453233	116188
reductionTest.reduceBlock	KHdNyEdG	1422467610453545	114951
reductionTest.reduceBlock	KHdNyEdG	1422467610453857	114533
reductionTest.reduceBlock	KHdNyEdG	1422467610454185	115320
reductionTest.reduceBlock	KHdNyEdG	1422467610454509	127409
reductionTest.reduceBlock	KHdNyEdG	1422467610454833	115441
reductionTest.reduceBlock	KHdNyEdG	1422467610455143	127503
reductionTest.reduceBlock	KHdNyEdG	1422467610455480	128352
reductionTest.reduceBlock	KHdNyEdG	1422467610455804	115322
reductionTest.reduceBlock	KHdNyEdG	1422467610456114	114506
reductionTest.reduceBlock	KHdNyEdG	1422467610456422	121029
reductionTest.reduceBlock	KHdNyEdG	1422467610456737	114931
reductionTest.reduceBlock	KHdNyEdG	1422467610457048	113712
reductionTest.reduceBlock	KHdNyEdG	1422467610457271	34741
reductionTest.total	KHdNyEdG	1422467610099260	358312664
